Patrick C;Avatar;4
Patrick C;Blade Runner;5
Patrick C;Braveheart;4
Patrick C;Dodgeball;5
Patrick C;Forest Gump;4
Patrick C;Kazaam;2
Patrick C;Lord of the Rings;4
Patrick C;Napolean Dynamite;3
Patrick C;Old School;3
Patrick C;Shawshank Redemption;5
Patrick C;Snakes on a Plane;4
Patrick C;Spiderman;4
Patrick C;Star Wars;5
Patrick C;The Dark Knight;4
Patrick C;The Happening;1
Patrick C;The Matrix;3
Patrick C;Toy Story;4
Patrick C;You Got Mail;1
Heather;Avatar;5
Heather;Dodgeball;4
Heather;Forest Gump;5
Heather;Gladiator;5
Heather;Jaws;5
Heather;Lord of the Rings;4
Heather;Napolean Dynamite;4
Heather;Scarface;4
Heather;Snakes on a Plane;1
Heather;Spiderman;3
Heather;Star Wars;5
Heather;The Dark Knight;5
Heather;The Matrix;4
Heather;Toy Story;3
Heather;Village;2
Bryan;Alien;2
Bryan;Avatar;5
Bryan;Braveheart;5
Bryan;Dodgeball;3
Bryan;Forest Gump;4
Bryan;Gladiator;5
Bryan;Jaws;4
Bryan;Kazaam;3
Bryan;Lord of the Rings;3
Bryan;Napolean Dynamite;1
Bryan;Old School;4
Bryan;Pootie Tang;1
Bryan;Pulp Fiction;4
Bryan;Shawshank Redemption;5
Bryan;Snakes on a Plane;2
Bryan;Spiderman;4
Bryan;Star Wars;4
Bryan;The Dark Knight;5
Bryan;The Matrix;3
Bryan;Toy Story;3
Bryan;Village;3
Bryan;You Got Mail;1
Patrick T;Avatar;4
Patrick T;Dodgeball;2
Patrick T;Forest Gump;3
Patrick T;Kazaam;5
Patrick T;Lord of the Rings;2
Patrick T;Napolean Dynamite;1
Patrick T;Old School;5
Patrick T;Pootie Tang;1
Patrick T;Spiderman;4
Patrick T;Star Wars;5
Patrick T;The Dark Knight;4
Patrick T;The Matrix;5
Patrick T;Toy Story;4
Patrick T;Village;1
Patrick T;You Got Mail;1
Thomas;Alien;5
Thomas;Avatar;2
Thomas;Blade Runner;5
Thomas;Braveheart;4
Thomas;Dodgeball;4
Thomas;Forest Gump;3
Thomas;Gladiator;4
Thomas;Jaws;4
Thomas;Kazaam;2
Thomas;Napolean Dynamite;5
Thomas;Old School;5
Thomas;Pulp Fiction;4
Thomas;Scarface;5
Thomas;Snakes on a Plane;4
Thomas;Spiderman;5
Thomas;Star Wars;5
Thomas;The Dark Knight;4
Thomas;The Happening;1
Thomas;The Matrix;4
Thomas;Toy Story;4
Thomas;Village;1
Thomas;You Got Mail;1
aaron;Alien;4
aaron;Blade Runner;4
aaron;Braveheart;4
aaron;Gladiator;4
aaron;Lord of the Rings;5
aaron;Napolean Dynamite;1
aaron;Pulp Fiction;3
aaron;Scarface;4
aaron;Shawshank Redemption;5
aaron;Spiderman;3
aaron;Star Wars;3
aaron;The Matrix;4
aaron;Toy Story;5
aaron;You Got Mail;3
vanessa;Avatar;4
vanessa;Braveheart;3
vanessa;Dodgeball;4
vanessa;Forest Gump;4
vanessa;Gladiator;4
vanessa;Jaws;2
vanessa;Lord of the Rings;2
vanessa;Napolean Dynamite;4
vanessa;Old School;3
vanessa;Pootie Tang;1
vanessa;Scarface;4
vanessa;Star Wars;3
vanessa;The Matrix;4
vanessa;Toy Story;4
vanessa;Village;2
greg;Avatar;3
greg;Blade Runner;1
greg;Braveheart;4
greg;Dodgeball;5
greg;Forest Gump;5
greg;Gladiator;5
greg;Jaws;3
greg;Lord of the Rings;3
greg;Napolean Dynamite;4
greg;Old School;5
greg;Pulp Fiction;4
greg;Scarface;4
greg;Shawshank Redemption;5
greg;Spiderman;4
greg;Star Wars;5
greg;The Dark Knight;4
greg;The Matrix;4
greg;Toy Story;5
brian;Alien;4
brian;Blade Runner;5
brian;Braveheart;4
brian;Dodgeball;3
brian;Forest Gump;5
brian;Gladiator;5
brian;Jaws;3
brian;Kazaam;1
brian;Lord of the Rings;5
brian;Napolean Dynamite;4
brian;Old School;4
brian;Pootie Tang;1
brian;Pulp Fiction;5
brian;Shawshank Redemption;5
brian;Snakes on a Plane;3
brian;Spiderman;4
brian;Star Wars;5
brian;The Dark Knight;4
brian;The Happening;2
brian;The Matrix;5
brian;Toy Story;5
brian;Village;4
brian;You Got Mail;3
ben;Avatar;3
ben;Blade Runner;5
ben;Dodgeball;4
ben;Forest Gump;5
ben;Gladiator;5
ben;Jaws;1
ben;Lord of the Rings;2
ben;Napolean Dynamite;4
ben;Old School;4
ben;Pootie Tang;1
ben;Pulp Fiction;4
ben;Scarface;4
ben;Shawshank Redemption;5
ben;Snakes on a Plane;2
ben;Spiderman;4
ben;Star Wars;5
ben;The Dark Knight;5
ben;The Matrix;4
ben;Toy Story;5
ben;Village;3
Katherine;Avatar;5
Katherine;Braveheart;3
Katherine;Dodgeball;5
Katherine;Forest Gump;5
Katherine;Gladiator;3
Katherine;Kazaam;2
Katherine;Lord of the Rings;4
Katherine;Napolean Dynamite;2
Katherine;Spiderman;5
Katherine;Star Wars;5
Katherine;The Matrix;4
Katherine;Toy Story;5
Jonathan;Avatar;4
Jonathan;Braveheart;4
Jonathan;Dodgeball;5
Jonathan;Forest Gump;5
Jonathan;Gladiator;4
Jonathan;Jaws;3
Jonathan;Kazaam;2
Jonathan;Lord of the Rings;4
Jonathan;Napolean Dynamite;3
Jonathan;Old School;5
Jonathan;Pulp Fiction;5
Jonathan;Scarface;4
Jonathan;Spiderman;3
Jonathan;Star Wars;5
Jonathan;The Dark Knight;5
Jonathan;The Matrix;5
Jonathan;Toy Story;5
Jonathan;You Got Mail;2
Zwe;Avatar;4
Zwe;Braveheart;3
Zwe;Dodgeball;3
Zwe;Forest Gump;5
Zwe;Gladiator;3
Zwe;Jaws;2
Zwe;Kazaam;2
Zwe;Lord of the Rings;3
Zwe;Napolean Dynamite;3
Zwe;Old School;4
Zwe;Pootie Tang;2
Zwe;Pulp Fiction;4
Zwe;Shawshank Redemption;4
Zwe;Snakes on a Plane;1
Zwe;Spiderman;4
Zwe;Star Wars;4
Zwe;The Dark Knight;5
Zwe;The Happening;1
Zwe;The Matrix;4
Zwe;Toy Story;4
Zwe;Village;4
Zwe;You Got Mail;2
Erin;Avatar;4
Erin;Braveheart;4
Erin;Dodgeball;3
Erin;Forest Gump;5
Erin;Jaws;3
Erin;Kazaam;1
Erin;Lord of the Rings;4
Erin;Napolean Dynamite;2
Erin;Spiderman;3
Erin;Star Wars;3
Erin;The Matrix;4
Erin;Toy Story;5
Chris;Alien;2
Chris;Avatar;1
Chris;Blade Runner;5
Chris;Braveheart;2
Chris;Dodgeball;3
Chris;Forest Gump;3
Chris;Gladiator;3
Chris;Jaws;2
Chris;Kazaam;1
Chris;Lord of the Rings;3
Chris;Napolean Dynamite;1
Chris;Old School;5
Chris;Pootie Tang;3
Chris;Pulp Fiction;5
Chris;Scarface;3
Chris;Shawshank Redemption;4
Chris;Snakes on a Plane;3
Chris;Spiderman;2
Chris;Star Wars;4
Chris;The Dark Knight;3
Chris;The Happening;1
Chris;The Matrix;4
Chris;Toy Story;3
Chris;Village;3
Zak;Avatar;5
Zak;Braveheart;5
Zak;Dodgeball;3
Zak;Forest Gump;5
Zak;Gladiator;5
Zak;Kazaam;1
Zak;Lord of the Rings;4
Zak;Napolean Dynamite;1
Zak;Old School;5
Zak;Pulp Fiction;5
Zak;Scarface;3
Zak;Spiderman;3
Zak;Star Wars;5
Zak;The Dark Knight;5
Zak;The Happening;1
Zak;The Matrix;5
Zak;Toy Story;4
Zak;Village;4
Zak;You Got Mail;2
Matt;Forest Gump;4
Matt;Lord of the Rings;1
Matt;Napolean Dynamite;3
Matt;Snakes on a Plane;1
Matt;Spiderman;3
Matt;Toy Story;4
Chris2;Alien;4
Chris2;Blade Runner;3
Chris2;Braveheart;4
Chris2;Dodgeball;3
Chris2;Forest Gump;5
Chris2;Gladiator;3
Chris2;Jaws;5
Chris2;Lord of the Rings;4
Chris2;Napolean Dynamite;1
Chris2;Old School;4
Chris2;Pootie Tang;1
Chris2;Pulp Fiction;5
Chris2;Scarface;2
Chris2;Shawshank Redemption;4
Chris2;Snakes on a Plane;3
Chris2;Spiderman;2
Chris2;Star Wars;5
Chris2;The Dark Knight;4
Chris2;The Matrix;2
Chris2;Toy Story;4
Chris2;Village;1
Chris2;You Got Mail;1
Josh;Alien;3
Josh;Avatar;4
Josh;Forest Gump;4
Josh;Gladiator;4
Josh;Jaws;5
Josh;Spiderman;4
Josh;Star Wars;5
Josh;The Dark Knight;4
Josh;The Matrix;5
Josh;Toy Story;4
Josh;Village;4
Amy;Avatar;3
Amy;Blade Runner;3
Amy;Braveheart;3
Amy;Dodgeball;4
Amy;Forest Gump;4
Amy;Jaws;3
Amy;Kazaam;1
Amy;Napolean Dynamite;2
Amy;Old School;3
Amy;Pulp Fiction;4
Amy;Shawshank Redemption;2
Amy;Snakes on a Plane;2
Amy;Spiderman;3
Amy;The Dark Knight;4
Amy;The Matrix;5
Amy;Toy Story;4
Amy;You Got Mail;2
Valerie;Avatar;2
Valerie;Blade Runner;3
Valerie;Braveheart;4
Valerie;Dodgeball;3
Valerie;Forest Gump;5
Valerie;Gladiator;3
Valerie;Jaws;2
Valerie;Kazaam;1
Valerie;Lord of the Rings;5
Valerie;Napolean Dynamite;5
Valerie;Old School;3
Valerie;Pulp Fiction;3
Valerie;Scarface;4
Valerie;Shawshank Redemption;5
Valerie;Snakes on a Plane;1
Valerie;Spiderman;5
Valerie;Star Wars;5
Valerie;The Dark Knight;5
Valerie;The Happening;1
Valerie;The Matrix;4
Valerie;Toy Story;5
Valerie;Village;2
Valerie;You Got Mail;2
Gary;Alien;2
Gary;Avatar;1
Gary;Blade Runner;1
Gary;Braveheart;5
Gary;Dodgeball;4
Gary;Forest Gump;4
Gary;Gladiator;3
Gary;Jaws;4
Gary;Kazaam;1
Gary;Lord of the Rings;3
Gary;Napolean Dynamite;4
Gary;Old School;5
Gary;Pulp Fiction;3
Gary;Scarface;3
Gary;Shawshank Redemption;5
Gary;Snakes on a Plane;2
Gary;Spiderman;2
Gary;Star Wars;5
Gary;The Matrix;2
Gary;Toy Story;4
Gary;You Got Mail;1
Stephen;Alien;5
Stephen;Avatar;4
Stephen;Braveheart;5
Stephen;Dodgeball;3
Stephen;Forest Gump;1
Stephen;Gladiator;4
Stephen;Jaws;2
Stephen;Lord of the Rings;5
Stephen;Napolean Dynamite;2
Stephen;Pulp Fiction;3
Stephen;Spiderman;3
Stephen;Star Wars;5
Stephen;The Dark Knight;4
Stephen;The Happening;1
Stephen;The Matrix;5
Stephen;Toy Story;4
Stephen;Village;2
Stephen;You Got Mail;2
Jessica;Forest Gump;4
Jessica;Jaws;3
Jessica;Kazaam;1
Jessica;Lord of the Rings;3
Jessica;Napolean Dynamite;2
Jessica;Old School;2
Jessica;Pulp Fiction;4
Jessica;Snakes on a Plane;2
Jessica;Spiderman;3
Jessica;Star Wars;5
Jessica;The Dark Knight;5
Jessica;Toy Story;5
Jeff;Alien;4
Jeff;Avatar;4
Jeff;Blade Runner;5
Jeff;Braveheart;4
Jeff;Dodgeball;3
Jeff;Forest Gump;4
Jeff;Gladiator;4
Jeff;Jaws;5
Jeff;Kazaam;1
Jeff;Lord of the Rings;3
Jeff;Napolean Dynamite;3
Jeff;Old School;3
Jeff;Pootie Tang;5
Jeff;Pulp Fiction;3
Jeff;Snakes on a Plane;1
Jeff;Spiderman;4
Jeff;Star Wars;5
Jeff;The Dark Knight;5
Jeff;The Matrix;5
Jeff;Toy Story;5
Jeff;Village;2
Jeff;You Got Mail;2
